{"cameraMode":{"drawMode":0,"name":"Shaded","section":"Shading Mode"},"sceneLighting":false,"audioPlay":false,"sceneViewState":{"showFog":true,"showMaterialUpdate":false,"showSkybox":false,"showFlares":true,"showImageEffects":true,"showParticleSystems":true},"in2DMode":false,"pivot":{"x":11.41567325592041,"y":0.07800006866455078,"z":-2.125049114227295},"rotation":{"x":0.0389837846159935,"y":-0.017985351383686067,"z":0.0007017823518253863,"w":0.9990780353546143},"size":7.99500036239624,"orthographic":true}