{"cameraMode":{"drawMode":0,"name":"Shaded","section":"Shading Mode"},"sceneLighting":false,"audioPlay":false,"sceneViewState":{"showFog":true,"showMaterialUpdate":false,"showSkybox":false,"showFlares":true,"showImageEffects":true,"showParticleSystems":true},"in2DMode":false,"pivot":{"x":6.686908721923828,"y":-4.741950988769531,"z":25.726764678955079},"rotation":{"x":0.02549697272479534,"y":0.004498519469052553,"z":-0.00011473769700387493,"w":0.9996646046638489},"size":10.968183517456055,"orthographic":true}