{"cameraMode":{"drawMode":0,"name":"Shaded","section":"Shading Mode"},"sceneLighting":false,"audioPlay":false,"sceneViewState":{"showFog":true,"showMaterialUpdate":false,"showSkybox":false,"showFlares":true,"showImageEffects":true,"showParticleSystems":true},"in2DMode":false,"pivot":{"x":4.690000057220459,"y":3.4100000858306886,"z":-20.58981704711914},"rotation":{"x":0.0389837846159935,"y":-0.017985351383686067,"z":0.0007017823518253863,"w":0.9990780353546143},"size":10.0,"orthographic":true}