{"cameraMode":{"drawMode":0,"name":"Shaded","section":"Shading Mode"},"sceneLighting":false,"audioPlay":false,"sceneViewState":{"showFog":true,"showMaterialUpdate":false,"showSkybox":false,"showFlares":true,"showImageEffects":true,"showParticleSystems":true},"in2DMode":false,"pivot":{"x":-4.507702827453613,"y":2.4819934368133547,"z":-22.204147338867189},"rotation":{"x":0.0389837846159935,"y":-0.017985351383686067,"z":0.0007017823518253863,"w":0.9990780353546143},"size":6.629627704620361,"orthographic":true}