{"cameraMode":{"drawMode":0,"name":"Shaded","section":"Shading Mode"},"sceneLighting":true,"audioPlay":false,"sceneViewState":{"showFog":true,"showMaterialUpdate":false,"showSkybox":true,"showFlares":true,"showImageEffects":true,"showParticleSystems":true},"in2DMode":false,"pivot":{"x":-2.698808193206787,"y":6.9527788162231449,"z":-1.3095450401306153},"rotation":{"x":0.17458805441856385,"y":0.011815396137535572,"z":-0.002095157513394952,"w":0.9845691323280335},"size":6.4771552085876469,"orthographic":true}