{"cameraMode":{"drawMode":0,"name":"Shaded","section":"Shading Mode"},"sceneLighting":false,"audioPlay":false,"sceneViewState":{"showFog":true,"showMaterialUpdate":false,"showSkybox":false,"showFlares":true,"showImageEffects":true,"showParticleSystems":true},"in2DMode":false,"pivot":{"x":-13.375,"y":0.323941707611084,"z":-4.273942947387695},"rotation":{"x":0.02549697272479534,"y":0.004498519469052553,"z":-0.00011473769700387493,"w":0.9996646046638489},"size":14.045016288757325,"orthographic":true}