{"cameraMode":{"drawMode":0,"name":"Shaded","section":"Shading Mode"},"sceneLighting":false,"audioPlay":false,"sceneViewState":{"showFog":true,"showMaterialUpdate":false,"showSkybox":false,"showFlares":true,"showImageEffects":true,"showParticleSystems":true},"in2DMode":false,"pivot":{"x":0.0,"y":-4.904998779296875,"z":6.656709671020508},"rotation":{"x":0.0389837846159935,"y":-0.017985351383686067,"z":0.0007017823518253863,"w":0.9990780353546143},"size":31.838214874267579,"orthographic":true}