{"cameraMode":{"drawMode":0,"name":"Shaded","section":"Shading Mode"},"sceneLighting":false,"audioPlay":false,"sceneViewState":{"showFog":true,"showMaterialUpdate":false,"showSkybox":false,"showFlares":true,"showImageEffects":true,"showParticleSystems":true},"in2DMode":false,"pivot":{"x":2.0919418334960939,"y":0.9043260812759399,"z":8.031564712524414},"rotation":{"x":0.02549697272479534,"y":0.004498519469052553,"z":-0.00011473769700387493,"w":0.9996646046638489},"size":12.760430335998536,"orthographic":true}