{"cameraMode":{"drawMode":0,"name":"Shaded","section":"Shading Mode"},"sceneLighting":false,"audioPlay":false,"sceneViewState":{"showFog":true,"showMaterialUpdate":false,"showSkybox":false,"showFlares":true,"showImageEffects":true,"showParticleSystems":true},"in2DMode":false,"pivot":{"x":-6.463395595550537,"y":0.09000003337860108,"z":-16.068349838256837},"rotation":{"x":0.0389837846159935,"y":-0.017985351383686067,"z":0.0007017823518253863,"w":0.9990780353546143},"size":3.736294746398926,"orthographic":true}